CREATE SCHEMA clinica;
-- creacion de dominios

CREATE DOMAIN CLINICA.ID_PACIENTE AS CHAR(6) NOT NULL
	CHECK (VALUE ~ '^[P]{1}[-]{1}\d{4}$'); --p-ooo1 (ejemplo del dato que admite)

CREATE DOMAIN CLINICA.ID_MEESPECIALISTA AS CHAR(7) NOT NULL
	CHECK (VALUE ~ '^[ME]{2}[-]{1}\d{4}$'); -- ME-123 4

CREATE DOMAIN CLINICA.ID_CITA AS CHAR(7) NOT NULL
	CHECK (VALUE ~ '^[CM]{2}[-]{1}\d{4}$');



-- Aqui pk_idPaciente es nombre de la columna de la tabla
-- CREACION DE TABLAS
CREATE TABLE CLINICA.PACIENTE (
	pk_idPaciente CLINICA.ID_PACIENTE, --este ultimo es el dominio que creamos (es el tipo de dato)
	nombre VARCHAR(20) NOT NULL,
	apellido VARCHAR(20) NOT NULL,
	sexo CHAR(1) NOT NULL,
	fechaNacimiento DATE NOT NULL,
	ciudad VARCHAR(20) NOT NULL,
	estado VARCHAR(20) NOT NULL,
	telefono CHAR(10) UNIQUE,
	PRIMARY KEY (pk_idPaciente)
	
	
	
);
	

CREATE TABLE CLINICA.ESPECIALISTA (
	pk_idEspecialista CLINICA.ID_MEESPECIALISTA,
	nombre VARCHAR(20) NOT NULL,
	apellido VARCHAR(20) NOT NULL,
	sexo CHAR(1) NOT NULL, --CHAR(1) PORQUE SOLO PONDREMOS SI ES M (masculino), F (femenino)
	fechaNacimiento DATE NOT NULL,
	especialidad VARCHAR(30) NOT NULL,
	PRIMARY KEY (pk_idEspecialista)
);



CREATE TABLE CLINICA.CITA(
	pk_idCita CLINICA.ID_CITA,
	fk_idPaciente CLINICA.ID_PACIENTE, --FORIN KEY
	fecha DATE NOT NULL,
	hora TIME NOT NULL,
	PRIMARY KEY (pk_idCita),
	FOREIGN KEY (fk_idPaciente) REFERENCES CLINICA.PACIENTE(pk_idPaciente)
	ON UPDATE CASCADE ON DELETE CASCADE
);

CREATE TABLE CLINICA.AGENDAR_CITA(
	fk_idCita CLINICA.ID_CITA,
	fk_idEspecialista CLINICA.ID_MEESPECIALISTA,
	consultorio VARCHAR(20) NOT NULL,
	fechaCita DATE NOT NULL,
	horaCita TIME NOT NULL,
	turno VARCHAR(10) NOT NULL,
	status VARCHAR(10) NOT NULL,
	observaciones VARCHAR (100) NOT NULL,
	PRIMARY KEY (fk_idCita, fk_idEspecialista), --la combinacion de ambos es unica
	FOREIGN KEY (fk_idCita) REFERENCES CLINICA.CITA (pk_idCita)
	ON UPDATE CASCADE ON DELETE CASCADE,
	FOREIGN KEY (fk_idEspecialista) REFERENCES CLINICA.ESPECIALISTA (pk_idEspecialista)
	ON UPDATE CASCADE ON DELETE CASCADE 

);



CREATE TABLE CLINICA.EXPEDIENTE (
	pk_idPaciente CLINICA.ID_PACIENTE,
	tipoSangre VARCHAR(20) NOT NULL,
	tipoAlergia VARCHAR(20) NOT NULL,
	padecimientosCro VARCHAR(50) NOT NULL,
	fechaCreacion TIMESTAMP NOT NULL,
	PRIMARY KEY (pk_idPaciente),
	FOREIGN KEY (pk_idPaciente) REFERENCES CLINICA.PACIENTE (pk_idPaciente)
	ON UPDATE CASCADE ON DELETE CASCADE 
);


CREATE TABLE CLINICA.EXPEDIENTE_DIAGNOSTICO (
	folio SERIAL NOT NULL,
	fk_idEspecialista CLINICA.ID_MEESPECIALISTA,
	fk_idPaciente CLINICA.ID_PACIENTE,
	edad CHAR(3) NOT NULL,
	peso CHAR(3) NOT NULL,
	altura CHAR(4) NOT NULL,
	IMC CHAR(5) NOT NULL,
	nivelPeso CHAR(10) NOT NULL,
	presionArterial CHAR(8) NOT NULL,
	diagnostico VARCHAR(150) NOT NULL,
	recetario VARCHAR(150) NOT NULL,
	fechaCreacion TIMESTAMP NOT NULL,
	PRIMARY KEY (folio),
	FOREIGN KEY (fk_idEspecialista) REFERENCES CLINICA.ESPECIALISTA (pk_idEspecialista)
	ON UPDATE CASCADE ON DELETE CASCADE,
	FOREIGN KEY (fk_idPaciente) REFERENCES CLINICA.PACIENTE (pk_idPaciente)
	ON UPDATE CASCADE ON DELETE CASCADE 
);


--AGREGAR UNA COLUMNA
ALTER TABLE CLINICA.PACIENTE ADD COLUMN EJEMPLO VARCHAR(30); --PARA AGREGAR COLUMNA EN TABLA PACIENTE

--BORRAR COLUMNA
ALTER TABLE CLINICA.PACIENTE DROP COLUMN EJEMPLO_NUEVO; --PARA BORRAR ESA COLUMNA

--CAMBIAR TIPO DE DATO A UNA COLUMNA
ALTER TABLE CLINICA.PACIENTE ALTER COLUMN EJEMPLO TYPE CHAR (50);

-- RENOMBRAR COLUMNA
ALTER TABLE CLINICA.PACIENTE RENAME COLUMN EJEMPLO TO EJEMPLO_NUEVO;

--RENOMBRAR TABLA
ALTER TABLE CLINICA.PACIENTE_NUEVO RENAME TO PACIENTE;

-- ELIMINAR TABLA QUE DEPENDE DE OTRA (SE AGREGA CASCADE)
DROP TABLE CLINICA.PACIENTE CASCADE;

--INSERTAR DATOS EN TABLAS (POR EJEMPLO DE PACIENTE)
INSERT INTO CLINICA.PACIENTE VALUES ('P-0001', 'TANIA', 'GULBARRI', 'F', '200-12-03', 'MEXICO', 'YUCATAN', '5543231445');

-- INSERTAR DATOS DEFINIDO POR COLUMNAS
INSERT INTO CLINICA.PACIENTE (pk_idPaciente, nombre, apellido, sexo, fechaNacimiento, ciudad, estado, telefono) --OTRA MANERA DE INSERTAR
VALUES('P-0002', 'RAMIRO', 'FUENTES', 'M', '1998-05-10', 'MEXICO', 'CHIAPAS', '5512435478') 

-- INSERTAR DATOS DEFINIDO POR COLUMNAS
INSERT INTO CLINICA.PACIENTE (pk_idPaciente, nombre, apellido, sexo, fechaNacimiento, ciudad, estado, telefono) --OTRA MANERA DE INSERTAR
VALUES('P-0004', 'FURRECO', 'ELOIN', 'M', '1976-09-05', 'MEXICO', 'CDMX', '5519761478') 

-- INSERTAR DATOS DEFINIDO POR COLUMNAS
INSERT INTO CLINICA.PACIENTE (pk_idPaciente, nombre, apellido, sexo, fechaNacimiento, ciudad, estado, telefono) --OTRA MANERA DE INSERTAR
VALUES('P-0005', 'QUERIM', 'ZATENCO', 'M', '1977-09-05', 'MEXICO', 'OAXACA', '5519703478') 


-- INSERTAR DATOS DEFINIDO POR COLUMNAS
INSERT INTO CLINICA.PACIENTE (pk_idPaciente, nombre, apellido, sexo, fechaNacimiento, ciudad, estado, telefono) --OTRA MANERA DE INSERTAR
VALUES('P-0006', 'SERIJA', 'ONTELLA', 'F', '1987-09-06', 'MEXICO', 'ESTADO DE MEXICO', '5519278478') 

-- INSERTAR DATOS DEFINIDO POR COLUMNAS
INSERT INTO CLINICA.PACIENTE (pk_idPaciente, nombre, apellido, sexo, fechaNacimiento, ciudad, estado, telefono) --OTRA MANERA DE INSERTAR
VALUES('P-0007', 'ICTE', 'ZUMPALA', 'M', '2005-09-05', 'MEXICO', 'YUCATAN', '5515243478') 

-- INSERTAR DATOS DEFINIDO POR COLUMNAS
INSERT INTO CLINICA.PACIENTE (pk_idPaciente, nombre, apellido, sexo, fechaNacimiento, ciudad, estado, telefono) --OTRA MANERA DE INSERTAR
VALUES('P-0008', 'PETENERA', 'ZACHIPOLI', 'F', '1997-09-05', 'MEXICO', 'OAXACA', '5519876478') 

-- INSERTAR DATOS DEFINIDO POR COLUMNAS
INSERT INTO CLINICA.PACIENTE (pk_idPaciente, nombre, apellido, sexo, fechaNacimiento, ciudad, estado, telefono) --OTRA MANERA DE INSERTAR
VALUES('P-0009', 'YUCATLI', 'TEBUJI', 'M', '1999-09-05', 'MEXICO', 'VERACRUZ', '5519703876') 
-- INSERTAR DATOS DEFINIDO POR COLUMNAS
INSERT INTO CLINICA.PACIENTE (pk_idPaciente, nombre, apellido, sexo, fechaNacimiento, ciudad, estado, telefono) --OTRA MANERA DE INSERTAR
VALUES('P-0010', 'NERI', 'HUEYUCA', 'F', '2003-09-05', 'MEXICO', 'CDMX', '5519701548') 

SELECT * FROM CLINICA.PACIENTE; -- ESTO ES PARA HACER UNA CONSULTA

--INSERTANDO DATOS DE ESPECIALISTA

INSERT INTO CLINICA.ESPECIALISTA VALUES
	('ME-0001', 'AGUSTIN', 'RUIZ', 'M', '2001-12-04', 'MEDICO GENERAL'),
	('ME-0002', 'KIREMI', 'TULIMI', 'F', '2001-12-03', 'NEFROLOGIA'),
	('ME-0003', 'FAUSTO', 'RUPERTO', 'M', '2001-12-02', 'MEDICO GENERAL'),
	('ME-0004', 'LORE', 'NORBERTO', 'F', '2003-12-04', 'PEDIATRA'),
	('ME-0005', 'VICTOR', 'GUADARRAMA', 'M', '1998-12-04', 'MEDICO GENERAL'),
	('ME-0006', 'EMANUEL', 'GUADARRA', 'M', '1998-12-04', 'MEDICO GENERAL'),
	('ME-0007', 'FABIAN', 'FIGUEROA', 'M', '1998-12-04', 'MEDICO GENERAL'),
	('ME-0008', 'GUILLERMO', 'LOPEZ', 'M', '1998-12-04', 'MEDICO GENERAL'),
	('ME-0009', 'FAUSTO', 'LINOCA', 'M', '1998-12-04', 'MEDICO GENERAL'),
	('ME-0010', 'VICTORIA', 'QUEDUHIUA', 'M', '1998-12-04', 'MEDICO GENERAL')

	

SELECT * FROM CLINICA.ESPECIALISTA; -- ESTO ES PARA HACER UNA CONSULTA


--INSERTANDO DATOS EN TABLA DE CITA
INSERT INTO CLINICA.CITA VALUES
	('CM-0001', 'P-0001', '2022-10-01', '12:00'),
	('CM-0002', 'P-0002', '2023-10-01', '10:00'),
	('CM-0003', 'P-0005', '2025-10-01', '11:00'),
	('CM-0004', 'P-0003', '2021-10-01', '1:00'),
	('CM-0005', 'P-0006', '2020-10-03', '5:00'),
	('CM-0006', 'P-0004', '2020-10-01', '4:00'),
	('CM-0007', 'P-0007', '2020-10-06', '5:00'),
	('CM-0008', 'P-0008', '2020-10-01', '2:00'),
	('CM-0009', 'P-0010', '2020-10-08', '5:00'),
	('CM-0010', 'P-0002', '2020-10-01', '8:00')

SELECT * FROM CLINICA.CITA; -- ESTO ES PARA HACER UNA CONSULTA


-- INSERTANDO DATOS EN AGENDAR CITA
INSERT INTO CLINICA.AGENDAR_CITA VALUES --EN LAS LLAVES FORANEAS SE PUEDEN REPETIR DATOS
	('CM-0001', 'ME-0001', '1', '2025-10-04', '10:00', 'MATUTINO', 'ESPERA', 'NA'),
	('CM-0002', 'ME-0003', '2', '2012-10-04', '1:00', 'VESPERTINO', 'ESPERA', 'NA'),
	('CM-0003', 'ME-0001', '3', '2022-10-04', '10:00', 'MATUTINO', 'ESPERA', 'NA'),
	('CM-0004', 'ME-0001', '4', '2022-10-04', '10:00', 'MATUTINO', 'ESPERA', 'NA'),
	('CM-0005', 'ME-0001', '5', '2022-10-04', '10:00', 'MATUTINO', 'ESPERA', 'NA'),
	('CM-0006', 'ME-0001', '6', '2023-10-04', '03:00', 'VESPERTINO', 'ESPERA', 'NA'),
	('CM-0007', 'ME-0001', '7', '2022-10-04', '10:00', 'MATUTINO', 'ESPERA', 'NA'),
	('CM-0008', 'ME-0001', '8', '2024-10-04', '05:00', 'VESPERTINO', 'ESPERA', 'NA'),
	('CM-0009', 'ME-0001', '5', '2022-10-04', '10:00', 'MATUTINO', 'ESPERA', 'NA'),
	('CM-0010', 'ME-0001', '5', '2022-10-04', '10:00', 'MATUTINO', 'ESPERA', 'NA')

SELECT * FROM CLINICA.AGENDAR_CITA VALUES



--INSERTANDO EXPEDIENTE DE PACIENTE
INSERT INTO CLINICA.EXPEDIENTE VALUES
	('P-0001', 'B POSITIVO', 'NA', 'NA', '2022-04-02'),
	('P-0002', 'O NEGATIVO', 'ALERGIA AL POLVO', 'NA', '2023-04-07'),
	('P-0003', 'B POSITIVO', 'NA', 'NA', '2022-04-07'),
	('P-0004', '0 POSITIVO', 'ALERGIAS', 'NA', '2024-04-07'),
	('P-0005', 'B POSITIVO', 'NA', 'NA', '2022-04-07'),
	('P-0006', 'B NEGATIVO', 'NA', 'NA', '2025-04-05'),
	('P-0007', 'B POSITIVO', 'ASMA', 'DIABETES', '2022-04-07'),
	('P-0008', '0 POSITIVO', 'NA', 'NA', '2026-04-07'),
	('P-0009', 'B POSITIVO', 'NA', 'NA', '2022-04-08'),
	('P-0010', 'A POSITIVO', 'NA', 'NA', '2012-04-07')

SELECT * FROM CLINICA.EXPEDIENTE VALUES 



-- INSERTANDO EN EXPEDIENTE_DIAGNOSTICO

INSERT INTO clinica.expediente_diagnostico(
	 fk_idespecialista, fk_idpaciente, edad, peso, altura, imc, nivelpeso, presionarterial, diagnostico, recetario, fechacreacion)
	VALUES 
	('ME-0001', 'P-0001', '30', '65', '1.75', '26.0', 'SOBREPESO', '120/70', 'NA', 'NA', '2022-01-05'),
	('ME-0001', 'P-0001', '30', '65', '1.75', '26.0', 'SOBREPESO', '120/70', 'NA', 'NA', '2022-01-06'),
	('ME-0002', 'P-0002', '17', '50', '1.75', '26.0', 'SOBREPESO', '120/70', 'NA', 'NA', '2023-01-05'),
	('ME-0003', 'P-0003', '33', '69', '1.65', '27.0', 'OBESIDAD', '120/70', 'NA', 'NA', '2021-01-02'),
	('ME-0004', 'P-0004', '48', '50', '1.40', '25.0', 'NORMAL', '120/70', 'NA', 'NA', '2025-01-05'),
	('ME-0005', 'P-0005', '78', '45', '1.86', '28.0', 'SOBREPESO', '125/70', 'NA', 'NA', '2026-01-05'),
	('ME-0006', 'P-0006', '10', '75', '1.80', '26.0', 'NORMAL', '126/65', 'NA', 'NA', '2022-01-05'),
	('ME-0007', 'P-0007', '50', '66', '1.50', '22.0', 'NORMAL', '130/80', 'NA', 'NA', '2022-01-04'),
	('ME-0008', 'P-0008', '55', '80', '1.45', '24.0', 'SOBREPESO', '120/70', 'NA', 'NA', '2022-01-02'),
	('ME-0009', 'P-0009', '76', '76', '1.45', '25.0', 'OBESIDAD', '140/50', 'NA', 'NA', '2026-01-06'),
	('ME-0010', 'P-0010', '28', '45', '1.67', '28.0', 'SOBREPESO', '80/20', 'NA', 'NA', '2022-01-01')


SELECT * FROM CLINICA.EXPEDIENTE_DIAGNOSTICO;
	

--AGREGAR UNA COLUMNA
ALTER TABLE CLINICA.PACIENTE ADD COLUMN EJEMPLO VARCHAR(30);

--BORRAR COLUMNA
ALTER TABLE CLINICA.PACIENTE DROP COLUMN EJEMPLO


--UPDATE
SELECT * FROM CLINICA.PACIENTE

-- PARA MODIFICAR DE MANERA GENERAL
UPDATE CLINICA.PACIENTE SET estado = 'MEXICO';

UPDATE CLINICA.PACIENTE SET estado = 'JALISCO' WHERE pk_idPaciente = 'P-00004'

-- OPERADOR AND - CUMPLE LAS O MAS CONDICIONES
UPDATE CLINICA.PACIENTE SET ciudad = 'XALAPA' WHERE sexo = 'M' AND estado = 'MEXICO';
--SE ACTUALIZÓ LOS QUE CUMPLEN LAS CONDICIONES


--OPERADOR OR-- CUMPLE UNA O MAS CONDICIONES
UPDATE CLINICA.PACIENTE SET ciudad = 'XALAPA' WHERE sexo = 'F' OR estado = 'MEXICO';
-- SE ACTUALIZAN DONDE SE CUMPLA UNA DE LAS CONDICIONES O AMBAS


--OPERADOR OR-- CUMPLE UNA O MAS CONDICIONES
UPDATE CLINICA.PACIENTE SET apellido = 'ZATENCO' WHERE estado = 'YUCATAN' OR  nombre = 'QUERIM';
SELECT * FROM CLINICA.PACIENTE


--EXTRACCION POR DATO ESPECIFICO
SELECT * FROM CLINICA.PACIENTE WHERE estado IN ('YUCATAN', 'OAXACA');
SELECT * FROM CLINICA.PACIENTE WHERE estado NOT IN ('YUCATAN', 'OAXACA'); --NOT IN es que muestre los resultados donde no este yucatan y oaxaca

SELECT * FROM CLINICA.PACIENTE WHERE apellido LIKE '%A'; --QUE TERMINEN CON UNA A, EL PORCENTAJE REPRESENTA LAS LETRAS QUE HAY DETRAS DE LA A

SELECT * FROM CLINICA.PACIENTE WHERE nombre LIKE '%A%'; --NOMBRES QUE TENGAN UNA A 

SELECT * FROM CLINICA.AGENDAR_CITA WHERE (fechaCita BETWEEN '')
 
SELECT * FROM CLINICA.AGENDAR_CITA WHERE (fechaCita BETWEEN '2022-10-04' AND '2022-10-05') AND (turno = 'MATUTINO') --NOS FILTRA POR RANGO DE FECHA Y POR TURNO

SELECT * FROM CLINICA.EXPEDIENTE_DIAGNOSTICO
SELECT * FROM CLINICA.EXPEDIENTE_DIAGNOSTICO WHERE edad < '30';
SELECT * FROM CLINICA.EXPEDIENTE_DIAGNOSTICO WHERE edad > '17';
SELECT * FROM CLINICA.EXPEDIENTE_DIAGNOSTICO WHERE edad >= '17';
SELECT * FROM CLINICA.EXPEDIENTE_DIAGNOSTICO WHERE nivelPeso <> 'OBESIDAD'; --EXTRAE DATOS DONDE NO DIGA OBESIDAD <> ESE SIMBOLO SIGNIFICA DIFERENTE

SELECT folio, fk_idespecialista, fk_idPaciente, fechaCreacion,edad
FROM CLINICA.EXPEDIENTE_DIAGNOSTICO
WHERE nivelpeso <> 'NORMAL' AND edad BETWEEN '30' AND '40';





--FUNCIONES DE AGREGACION, DEVUELVEN UN DATO MINIMO, DATO MAXIMO, PROMEDIO DE LOS DATOS
--COUNT CUENTAS LAS VECES QUE SE REPITE UNA COLUMNA O CIERTOS DATOS

SELECT COUNT(*) AS CANTIDAD_PACIENTE FROM CLINICA.PACIENTE;

SELECT COUNT(*) AS CANTIDAD_PACIENTE  FROM CLINICA.PACIENTE WHERE ciudad = 'MEXICO'; --NOS DA EL NUMERO que contienen esos datos

SELECT * FROM CLINICA.PACIENTE WHERE ciudad = 'MEXICO'; --NOS EXTRAE DIRECTAMENTE LAS 6 TUPLAS 


------*-------------------FUNCIONES DE AGREGACION ----------------------------*---------+-

--COUNT
--AQUI CUENTA CUANTOS PACIENTES HAY Y DEVUELVE EL NUMERO
SELECT COUNT (*) FROM CLINICA.PACIENTE

--AQUI CUENTA TOMANDO EN CUENTA LAS RESTRICCIONES
SELECT COUNT (*) FROM CLINICA.PACIENTE WHERE estado = 'OAXACA'

-- ESTO NOS MUESTRA LAS FILAS DE LA BASE DE DATOS QUE CUMPLEN LA RESTRICCION
SELECT  * FROM CLINICA.PACIENTE WHERE estado = 'OAXACA'

-- SUMA
SELECT SUM (folio) FROM CLINICA.EXPEDIENTE_DIAGNOSTICO;

SELECT * FROM CLINICA.EXPEDIENTE_DIAGNOSTICO;
SELECT SUM(CAST (edad AS INT)) FROM CLINICA.EXPEDIENTE_DIAGNOSTICO; --AQUI APARTE CONVERTIMOS EL DATO DE edad A INT, ANTES ERA CHAR, CAST CONVIERTE DATOS
